name,phoneNumber,email,address,userAgent,hexcolor
"Mckayla Gaylord",683-313-9570,bennett.hahn@gmail.com,"36349 Paxton Loop Apt. 519
Reggieshire, WV 73440","Mozilla/5.0 (Macintosh; Intel Mac OS X 10_8_3) AppleWebKit/5310 (KHTML, like Gecko) Chrome/37.0.832.0 Mobile Safari/5310",#f63410
"Ayana Gutkowski",1-693-439-4422,mariela04@howell.org,"23820 Sarina Land
North Kimberly, CO 80072","Mozilla/5.0 (compatible; MSIE 6.0; Windows NT 5.2; Trident/3.0)",#8c245f
"Nona Schaefer","(267) 751-5404",mohammad35@turner.com,"764 Stephon Cape
Mantetown, TX 84517-8711","Mozilla/5.0 (Macintosh; U; PPC Mac OS X 10_5_8 rv:5.0) Gecko/20100623 Firefox/37.0",#9af1bb
"Prof. Chauncey O'Keefe MD","+1 (562) 645-7046",edward.leuschke@reichel.biz,"3934 Sandrine Trail Suite 454
Mackburgh, WY 99211","Mozilla/5.0 (compatible; MSIE 10.0; Windows NT 5.2; Trident/5.1)",#ceac26
"Kaylin McClure",875.888.2665,gkuhn@hotmail.com,"67028 Brenden Fall Apt. 156
North Floville, SD 51100","Mozilla/5.0 (X11; Linux i686) AppleWebKit/5361 (KHTML, like Gecko) Chrome/38.0.829.0 Mobile Safari/5361",#c05c70
"Layla Cronin",223-984-3847,gking@yahoo.com,"871 Bechtelar Park
Walterberg, AR 55694","Opera/8.64 (X11; Linux x86_64; sl-SI) Presto/2.9.278 Version/11.00",#24ed71
"Madge Williamson","(325) 479-9855",betty.conroy@gmail.com,"954 Bartell Path
Calistaville, KS 79912","Mozilla/5.0 (X11; Linux x86_64; rv:7.0) Gecko/20130407 Firefox/37.0",#ec6b39
"Alycia Gusikowski","(508) 835-2050",douglas.angelita@hotmail.com,"15597 Marshall Gateway
Kerlukeburgh, UT 41585","Mozilla/5.0 (compatible; MSIE 7.0; Windows NT 4.0; Trident/4.1)",#24c57a
"Myrna Bogan MD","+1 (673) 857-4930",leuschke.will@gmail.com,"4550 Koch Island
Greenholtfurt, ID 56496","Mozilla/5.0 (Macintosh; U; PPC Mac OS X 10_6_9 rv:4.0) Gecko/20130322 Firefox/36.0",#6e8c1a
"Marina Schuster","(747) 521-0067",qkertzmann@hotmail.com,"94741 Lakin Dam Suite 778
South Russell, NV 19112-2421","Mozilla/5.0 (X11; Linux i686; rv:6.0) Gecko/20110503 Firefox/36.0",#5ccf0c
"Mr. Ramiro Kuphal I",+17587029388,sebastian.tillman@wolf.info,"57104 Geoffrey Forges
Reecefort, MO 57137-7497","Mozilla/5.0 (Macintosh; U; PPC Mac OS X 10_8_0 rv:5.0; en-US) AppleWebKit/531.7.5 (KHTML, like Gecko) Version/4.0 Safari/531.7.5",#45afa9
"Percy Brekke","+1 (649) 688-6691",nannie.cremin@farrell.com,"3875 Boyer Run
Port Valerie, IL 16959","Opera/9.77 (Windows NT 4.0; en-US) Presto/2.11.350 Version/11.00",#09747c
"Prof. Mohamed Wintheiser Jr.","+1 (745) 405-0744",emard.kari@yahoo.com,"5125 Alexys Land
Danielstad, SC 42996-0619","Mozilla/5.0 (Macintosh; Intel Mac OS X 10_5_4) AppleWebKit/5320 (KHTML, like Gecko) Chrome/36.0.889.0 Mobile Safari/5320",#5b47d6
"Prof. Chaz Bins","+1 (235) 212-5842",carlo75@hackett.net,"5000 Ricky Stream Apt. 462
East Rossiechester, HI 73726-4549","Mozilla/5.0 (X11; Linux i686) AppleWebKit/5352 (KHTML, like Gecko) Chrome/39.0.877.0 Mobile Safari/5352",#8761e5
"Ernestina Williamson",+1-206-808-6572,candido.halvorson@gmail.com,"83268 Osvaldo Valleys Suite 301
Anastacioberg, MA 85811-8659","Mozilla/5.0 (Macintosh; Intel Mac OS X 10_8_6 rv:2.0) Gecko/20160928 Firefox/36.0",#d16963
"Mr. Judson Thompson",+1-268-514-0424,eladio.okon@yahoo.com,"60335 Thiel Vista Apt. 569
Selinafurt, MD 58844-8783","Mozilla/5.0 (Macintosh; PPC Mac OS X 10_7_1 rv:2.0; en-US) AppleWebKit/533.10.4 (KHTML, like Gecko) Version/4.0.4 Safari/533.10.4",#84bf1c
"Sheldon Schoen",+1.730.612.6466,kale.kris@gmail.com,"697 Keeling Turnpike
Juwanton, ID 90895","Mozilla/5.0 (X11; Linux x86_64) AppleWebKit/5341 (KHTML, like Gecko) Chrome/36.0.867.0 Mobile Safari/5341",#05c851
"Prof. Bradly Beahan IV",710.416.7465,jailyn.marks@weimann.com,"85303 Reese Ports Suite 661
West Mohammedbury, TX 59406","Mozilla/5.0 (compatible; MSIE 9.0; Windows NT 5.0; Trident/4.0)",#7616eb
"Carmel Lebsack",+15104919941,rspinka@block.com,"292 Ulises Centers
New Danielleside, OR 81276","Mozilla/5.0 (compatible; MSIE 5.0; Windows NT 5.2; Trident/5.1)",#631bc6
"Shaina Willms Jr.",425-541-3658,nola61@gmail.com,"19031 Mueller Mountain Apt. 186
Predovicport, UT 27431","Mozilla/5.0 (Windows; U; Windows 98; Win 9x 4.90) AppleWebKit/531.22.6 (KHTML, like Gecko) Version/5.0.4 Safari/531.22.6",#a88086
"Quinten Runolfsson",+1-905-656-7709,rasheed.smith@yahoo.com,"7599 Johnnie Dam
Dulcefort, MD 55514-2690","Mozilla/5.0 (X11; Linux x86_64; rv:6.0) Gecko/20230408 Firefox/35.0",#013eed
"Brennon Kub",+1.868.278.9995,hoyt.koch@schuppe.info,"89787 Crona Ridge Suite 250
North Alexys, NM 11104","Opera/9.37 (X11; Linux x86_64; sl-SI) Presto/2.9.194 Version/12.00",#cb31c7
"Darien Schaden","(975) 996-9370",titus.russel@langworth.com,"2636 Jeremy Spurs Apt. 246
New Myles, GA 94945-0497","Mozilla/5.0 (Macintosh; PPC Mac OS X 10_5_2 rv:4.0; sl-SI) AppleWebKit/532.3.2 (KHTML, like Gecko) Version/5.1 Safari/532.3.2",#c43c88
"Jaylan Herzog",+1-496-974-6702,fyundt@mcclure.com,"706 Murazik Alley
North Name, WA 00529-3936","Mozilla/5.0 (compatible; MSIE 7.0; Windows NT 6.0; Trident/5.1)",#194970
"Dr. Thad Metz I",+1.750.525.8267,rstracke@gmail.com,"964 Meta Underpass Apt. 821
Anthonymouth, CA 21159-5633","Mozilla/5.0 (Windows NT 6.2) AppleWebKit/5350 (KHTML, like Gecko) Chrome/36.0.854.0 Mobile Safari/5350",#799711
"Nikki Pouros",+1-373-821-2942,jacobson.shyann@gmail.com,"6276 Hudson Groves
Lake Keatonland, NJ 07569","Mozilla/5.0 (Macintosh; U; PPC Mac OS X 10_5_6) AppleWebKit/5320 (KHTML, like Gecko) Chrome/40.0.890.0 Mobile Safari/5320",#7bd3b5
"Prof. Enoch DuBuque","(991) 750-0438",orau@yahoo.com,"21578 Terence Station
Port Sarinastad, NV 44961-1991","Mozilla/5.0 (compatible; MSIE 5.0; Windows NT 4.0; Trident/3.1)",#3105ae
"Elian Wiegand",+1-719-506-3998,emmerich.adelia@koepp.com,"8242 Mitchell Stream
Cormierport, MA 08028","Mozilla/5.0 (X11; Linux x86_64; rv:5.0) Gecko/20221221 Firefox/36.0",#a988c5
"Marielle Bahringer","(815) 601-9954",wilhelmine61@rogahn.com,"877 Farrell Bridge
Lake Kian, MA 12044","Mozilla/5.0 (Windows; U; Windows 98) AppleWebKit/531.29.7 (KHTML, like Gecko) Version/4.0.3 Safari/531.29.7",#473ebf
"Daphnee Jacobs",501.394.7741,lucie.roob@kiehn.com,"7866 Watsica Mountain Suite 802
Nitzscheland, CO 79460-9869","Mozilla/5.0 (compatible; MSIE 7.0; Windows 98; Trident/5.0)",#1e9ccf
"Ms. Annabel Grant",+14636289568,eleanora18@hotmail.com,"89644 Pansy Ford Suite 543
North Moshebury, AZ 50872-8820","Mozilla/5.0 (Macintosh; U; PPC Mac OS X 10_8_9) AppleWebKit/5350 (KHTML, like Gecko) Chrome/37.0.848.0 Mobile Safari/5350",#e777e0
"Prof. Ava Durgan DVM",608-452-1450,wunsch.efren@gmail.com,"290 Jaeden Skyway Apt. 026
Swiftmouth, KS 67849-9113","Opera/9.63 (Windows 98; sl-SI) Presto/2.11.191 Version/11.00",#3fc9b9
"Catharine Rutherford",727.700.2801,ezra.damore@rogahn.com,"54517 Schuppe Route Apt. 897
Lake Royce, OH 26076","Mozilla/5.0 (Macintosh; PPC Mac OS X 10_7_6 rv:6.0; sl-SI) AppleWebKit/533.40.2 (KHTML, like Gecko) Version/5.0.5 Safari/533.40.2",#dacb80
"Claudia Padberg","(782) 323-5896",wolf.jaqueline@bradtke.com,"368 Juliet Port Suite 131
Reynoldsfort, MD 79420-9839","Mozilla/5.0 (Macintosh; PPC Mac OS X 10_7_0 rv:3.0) Gecko/20180725 Firefox/36.0",#bc123d
"Brenda Green",419.722.6451,raphaelle.ziemann@gmail.com,"98133 Effie Mall
Robertsport, VA 70790-2563","Opera/8.62 (X11; Linux i686; sl-SI) Presto/2.8.282 Version/10.00",#ac050d
"Buster Crooks",1-962-833-0639,weber.sophia@jacobson.com,"398 Bradtke Parkway
Port Shaylee, VT 44985","Mozilla/5.0 (Macintosh; Intel Mac OS X 10_8_5 rv:2.0; sl-SI) AppleWebKit/534.49.3 (KHTML, like Gecko) Version/4.1 Safari/534.49.3",#406d95
"Carson Becker",+1-213-506-2237,alysha.satterfield@koch.info,"684 Davon Loop Suite 550
West Remingtonhaven, DC 61478-0861","Mozilla/5.0 (compatible; MSIE 11.0; Windows 98; Trident/4.0)",#d72659